Round,Accuracy
0,0.2167494884536685
1,0.37182110494007603
2,0.4719380298158433
3,0.5553931598947676
4,0.6856182402806197
