Round,Accuracy
0,0.15010230926629642
1,0.32168956445483776
2,0.4790996784565916
3,0.6346097632271266
4,0.75942706810874
