Round,Accuracy
0,0.18664133294358376
1,0.28266588716749486
2,0.4125986553639287
3,0.597778427360421
4,0.7705349313066354
