Round,Accuracy,Precision,Recall
0,0.21090324466530253,0.1227348812877896,0.17677002981210316
1,0.3440514469453376,0.25767363104940255,0.3101763165120772
2,0.5014615609470915,0.4829101002490127,0.4630018261842964
3,0.6986261327097341,0.7105221426862178,0.6368517561261412
4,0.7681964337912891,0.7801692521620014,0.7140156439187056
