Round,Accuracy,Precision,Recall
0,0.17772581116632563,0.14476807718719667,0.15755456248046257
1,0.3377667348728442,0.2569830898789811,0.29711440780451664
2,0.4447529961999416,0.3407565705897222,0.3947786224255881
3,0.47427652733118975,0.5069283434695274,0.41684952732640856
4,0.559777842736042,0.6238833153223067,0.4925637947941774
