Round,Accuracy,Precision,Recall
0,0.1894182987430576,0.20047695366729834,0.14800342638781228
1,0.29494299912306343,0.37300214723787384,0.2654094376118803
2,0.4576147325343467,0.5039941574666147,0.4333250270514276
3,0.6088862905583163,0.65329555770853,0.5581627139143017
4,0.7075416544869921,0.7681875297552851,0.6199949054868205
