Round,Accuracy,Precision,Recall
0,0.11122478807366266,0.08454741435628313,0.1110406596040398
1,0.28938906752411575,0.2636869878015877,0.2326353743319753
2,0.36334405144694537,0.43708696882088327,0.28651859143396197
3,0.43569131832797425,0.5825638974899668,0.37345746964839915
4,0.5081847413037124,0.6331560939558144,0.46309616739644827
