Round,Accuracy
0,0.10377082724349605
1,0.2271265711780181
2,0.34054370067231804
3,0.5584624378836598
4,0.7031569716457176
