Round,Accuracy,Precision,Recall
0,0.23282665887167495,0.10842711546704042,0.18325601600370997
1,0.3409821689564455,0.2797605189476593,0.30435192475809136
2,0.4891844489915229,0.4710324034017,0.4655136412178572
3,0.6294942999123063,0.5632267913029178,0.5614607238465404
4,0.6197018415667933,0.5613791255046836,0.5422559221615304
