Round,Accuracy
0,0.22814966384098218
1,0.40456007015492546
2,0.5520315697164572
3,0.6622332651271559
4,0.7129494299912307
