Round,Accuracy,Precision,Recall
0,0.1458637825197311,0.10692832579738766,0.12360949190299056
1,0.40339082139725224,0.43597595899167396,0.33822453834569666
2,0.6131248173048816,0.7201549489446111,0.525225019401962
3,0.6705641625255774,0.7261470263260552,0.6315032725638013
4,0.7461268634902076,0.7490916554189102,0.7199945426359153
