Round,Accuracy
0,0.22639579070447235
1,0.41727565039462144
2,0.5800935399006139
3,0.6730488161356328
4,0.7658579362759427
