Round,Accuracy
0,0.12423268050277697
1,0.12423268050277697
2,0.12423268050277697
3,0.12423268050277697
4,0.12423268050277697
