Round,Accuracy,Precision,Recall
0,0.1509792458345513,0.10715894237639174,0.11380783887405192
1,0.2266881028938907,0.12413861700635236,0.16926122084417788
2,0.29596609178602745,0.3378967600271976,0.23163836637751095
3,0.47500730780473543,0.48320272046895363,0.40623706020440276
4,0.6001169248757673,0.5233574283206477,0.550782636880337
